listing_url,full_listing_name,pokemon_name,grader,grade,current_price,fmv,card_set,card_number,condition,seller
https://www.phygitals.com/card/36BxgYEbfksFZUrc9yK1DzPEWXvgNyxiVD6dHuhgXYG1,2022 POKEMON JPN SWORD & SHIELD VSTAR UNIVERSE #125 REGIGIGAS VSTAR PSA 9,JPN SWORD & SHIELD VSTAR UNIVERSE,PSA,9,$11.26,$11.88,,125,,
https://www.phygitals.com/card/H3sfgpdbyDi6vAG16tjnS2xEyba8w99Nuocw245F3jqj,2007 Pokemon Japanese DP Dawn Dash 1st Edition Holo Phione #528 CGC 9 MINT,Japanese DP Dawn Dash 1st Edition,CGC,9,$12.40,$11.88,,528,,
https://www.phygitals.com/card/2025-pokemon-japanese-sv-glory-o-illdg1,2025 Pokemon Japanese SV Glory Of The Rocket Gang Team Rockets Moltres ex CGC 10,Japanese SV Glory Of The Rocket,CGC,10,$11.33,$11.87,,,,
https://www.phygitals.com/card/2025-pokemon-japanese-sv-glory-o-w75rng,2025 Pokemon Japanese SV Glory Of The Rocket Gang Team Rockets Moltres ex CGC 10,Japanese SV Glory Of The Rocket,CGC,10,$11.33,$10.04,,,,
https://www.phygitals.com/card/FD1jGws87JjsnU3tPFd9GaWDCYUSwQJAqDue8K65HmLK,2000 POKEMON GYM HEROES 1ST ED #70 BROCK'S RHYHORN PSA 7,GYM HEROES 1ST ED #70 BROCK'S,PSA,7,$12.94,$11.88,,70,,
https://www.phygitals.com/card/2024-pokemon-japanese-sv-terasta-ti0lkg,2024 Pokemon Japanese SV Terastal Fest ex Eevee ex #126 CGC 9 MINT,Japanese SV Terastal Fest ex Eevee,CGC,9,$8.72,$11.34,,126,,
https://www.phygitals.com/card/2022-pokemon-japanese-swsh-vstar-0wjqvz,2022 Pokemon Japanese SWSH VSTAR Universe Full Art Mew VMAX #54 CGC 8.5 NM-MT+,Japanese SWSH VSTAR Universe Full Art,CGC,8.5,$8.88,$11.87,,54,,
https://www.phygitals.com/card/1997-pokemon-japanese-rocket-gan-98n7sl,1997 Pokemon Japanese Rocket Gang Meowth #52 CGC 9 MINT,Japanese Rocket Gang Meowth #52 CGC,CGC,9,$12.29,$11.88,,52,,
https://www.phygitals.com/card/2025-pokemon-chinese-sv-gem-pack-nnz20n,2025 Pokemon Chinese SV Gem Pack Vol. 1 Poke Ball Holo Floragato #0202 CGC AUTH,Chinese SV Gem Pack Vol. 1,CGC,,$11.85,$0.992025,,0202,,
https://www.phygitals.com/card/FYU7T9XckMEJH2qZRB3K34Re348a3dyX9hAbFQxiWVnG,2013 Pokemon Black & White Unnumbered Grass Energy CGC AUTH,Black & White Unnumbered Grass Energy,CGC,,$10.80,$5.52013,,,,
https://www.phygitals.com/card/2023-pokemon-scarlet-and-violet-lvqjtn,2023 Pokemon Scarlet and Violet High Class Pack Shiny Treasure Ex Japanese S Dolliv #204 CGC 10,Scarlet and Violet High Class Pack,CGC,10,$11.75,$11.88,,204,,
https://www.phygitals.com/card/2005-pokemon-ex-delta-species-re-q5imzd,2005 Pokemon EX Delta Species Reverse Holo Metal Energy #107 CGC 8.5 NM-MT+,EX Delta Species Reverse Holo Metal,CGC,8.5,$10.75,$9.99,,107,,
https://www.phygitals.com/card/2022-pokemon-sword-shield-poke-wi7hbx,2022 Pokemon Sword & Shield Pokemon GO Holo Gyarados #22 CGC 9 MINT,Sword & Shield Pokemon GO Holo,CGC,9,$10.18,$9.72,,22,,
https://www.phygitals.com/card/31GugKN4qHVAX7fPK7pwR6AZj9Y9xEBZxSZDDz3wK9MX,2025 Pokemon SV Prismatic Evolutions Reverse Holo Cottonee #7 PSA 9 MINT,SV Prismatic Evolutions Reverse Holo Cottonee,PSA,9,$10.23,$10.26,,7,,
https://www.phygitals.com/card/2qzHkFN4aZUeXyw5R462XTuD174E5V88fH16dTMLj51w,2021 POKEMON SWORD & SHIELD FUSION STRIKE #107 TOXTRICITY-HOLO PSA 8.5,SWORD & SHIELD FUSION STRIKE #107,PSA,8.5,$10.11,$11.88,,107,,
https://www.phygitals.com/card/7kWXW5gKxQi6hB2pYnuv5mGvv6iagYVY3fU71BQk4pMB,2024 Pokemon Mew En-151 5 Pack Mini Tin Bulbasaur #001 PSA 9 MINT,Mew En-151 5 Pack Mini Tin,PSA,9,$11.82,$11.77,,001,,
https://www.phygitals.com/card/2022-pokemon-japanese-swsh-go-ho-m86ob2,2022 Pokemon Japanese SWSH GO Holo Mewtwo V #30 CGC 9 MINT,Japanese SWSH GO Holo Mewtwo V,CGC,9,$11.93,$11.88,,30,,
https://www.phygitals.com/card/7oiACUrAAVa4VhtkbgTep1rPVgENh45ofh4WyWsuZV1K,1996 Pokemon Japanese Base Set Pidgey #16 CGC 9 MINT,Japanese Base Set Pidgey #16 CGC,CGC,9,$11.02,$10.26,,16,,
https://www.phygitals.com/card/5y2Xc41fnHd7ZTvyq8u5G3rhcMjuqQ3WZviKNoFxNam,1986 Fleer Basketball Dan Schayes #98 PSA 6 EXMT,Basketball Dan Schayes #98 PSA 6,PSA,6,$10.59,$11.88,,98,,
https://www.phygitals.com/card/1997-pokemon-japanese-rocket-gan-ww2kyz,1997 Pokemon Japanese Rocket Gang Meowth #52 CGC 9 MINT,Japanese Rocket Gang Meowth #52 CGC,CGC,9,$12.29,$11.88,,52,,
https://www.phygitals.com/card/2021-pokemon-japanese-sword-sh-k3r7w6,2021 Pokemon Japanese Sword & Shield Eevee Heroes Jolteon V #30 CGC 9 MINT,Japanese Sword & Shield Eevee Heroes,CGC,9,$7.57,$9.61,,30,,
https://www.phygitals.com/card/DoyNZrUbeicYBMPqgrxKYTHzJnhtCMwJUMREnmRTc7V3,2021 Pokemon Japanese Sword & Shield Fusion Arts Mew V #39 CGC 9 MINT,Japanese Sword & Shield Fusion Arts,CGC,9,$10.80,$11.88,,39,,
https://www.phygitals.com/card/DpMUK3sL2JCwpXsoepc6cNycf8cufNzAwomGrAnpCaK3,2020 Pokemon Japanese SWSH Shiny Star V Holo Shiny Rolycoly #266 CGC 10 GEM MINT,Japanese SWSH Shiny Star V Holo,CGC,10,$12.10,$11.88,,266,,
https://www.phygitals.com/card/2025-pokemon-japanese-sv-battle-10duhv,2025 Pokemon Japanese SV Battle Partners Full Art Iono's Bellibolt ex CGC 8.5,Japanese SV Battle Partners Full Art,CGC,8.5,$11.29,$0.192025,,,,
